keyword,search_volume,difficulty,cluster,site_key,priority,notes
ia photo vinted gratuit,800,35,photo-ia,photo,1,Top performer - 66 clics GSC
mannequin ia vinted,600,30,mannequin-ia,mannequin,1,Top performer - 53 clics GSC position 2.25
ia vinted gratuit,700,40,photo-ia,photo,1,Top performer - 51 clics GSC
ia vinted,500,45,photo-ia,photo,1,22 clics GSC - mot-clé générique
photo ia vinted,400,35,photo-ia,photo,2,Variations populaires
vinted photo ia,350,35,photo-ia,photo,2,Variation
ia pour photo vinted,300,30,photo-ia,photo,2,Intent clair
photo vinted ia,300,35,photo-ia,photo,2,Variation
ia vetement vinted,280,30,photo-ia,photo,2,9 clics - bon CTR
ia pour vinted,350,40,photo-ia,photo,2,7 clics - 94 impressions
mannequin virtuel vinted,400,25,mannequin-ia,mannequin,1,4 clics position 4.79
mannequin vinted,250,30,mannequin-ia,mannequin,2,Recherche directe
vinted mannequin,200,30,mannequin-ia,mannequin,2,Variation
generateur annonce vinted,500,35,outils-vinted,vendre,1,5 clics - fort intent
generateur description vinted,450,30,outils-vinted,vendre,2,1 clic mais 32 impressions
photo portee vinted,400,25,photo-technique,photo,1,5 clics - technique populaire
vinted look gratuit,350,20,outils-vinted,photo,2,5 clics - position 4.76
algorithme vinted,800,50,algorithme,vendre,1,1 clic mais 117 impressions
algorithme vinted 2025,600,45,algorithme,vendre,1,Requête récente
comment fonctionne algorithme vinted,500,40,algorithme,vendre,2,Intent informationnel
how does vinted algorithm work,400,45,algorithme,vendre,2,Version anglaise
application ia vinted,400,30,photo-ia,photo,2,Intent application
ai vinted,350,40,photo-ia,photo,3,Version anglaise
logiciel ia vinted,300,25,photo-ia,photo,2,2 clics position 3.4
vinted ai photos,250,35,photo-ia,photo,3,Version anglaise
intelligence artificielle vinted,400,35,photo-ia,photo,2,Version longue
agent ia vinted,200,30,photo-ia,photo,3,Terme technique
vintylook gratuit,300,20,outils-vinted,photo,2,Concurrent
vinty look,200,25,outils-vinted,photo,3,Concurrent
vintylook,250,25,outils-vinted,photo,3,Concurrent
photo vinted qui vend,600,30,photo-technique,photo,1,Intent fort vente
faire belles photos vinted,550,25,photo-technique,photo,1,Tutorial intent
comment photographier vetement vinted,500,25,photo-technique,photo,1,Tutorial
belle photo vinted,450,30,photo-technique,photo,2,11 impressions
fond photo vinted,400,20,photo-technique,photo,2,Technique
format photo vinted,350,25,photo-technique,photo,2,2 clics - technique
taille photo vinted,300,20,photo-technique,photo,2,Technique
vinted photo size,250,25,photo-technique,photo,3,Version anglaise
photos vinted conseils,400,25,photo-technique,photo,2,Intent conseil
comment prendre photo vinted,500,25,photo-technique,photo,1,Tutorial
astuces photo vinted,450,25,photo-technique,photo,2,Tips
vinted photo portee,350,25,photo-technique,photo,2,Technique portée
photo portee,300,30,photo-technique,photo,2,Générique
video vinted,400,40,video,video,1,Nouveau segment
faire video vinted,350,35,video,video,2,Tutorial
video produit vinted,300,30,video,video,2,Intent produit
filmer vetement vinted,250,25,video,video,2,Technique
vendre vinted astuces,600,35,vente,vendre,1,Intent vente
comment vendre rapidement vinted,550,30,vente,vendre,1,Intent urgent
trucs vendre vinted,500,30,vente,vendre,2,Tips
booster ventes vinted,450,35,vente,vendre,1,Growth intent
augmenter ventes vinted,400,35,vente,vendre,2,Growth
vinted vente rapide,350,30,vente,vendre,2,Speed intent
vinted conseils vendeur,400,25,vente,vendre,2,Seller tips
optimiser annonce vinted,500,30,vente,vendre,1,Optimization
description vinted parfaite,450,25,vente,vendre,2,Copy intent
titre accrocheur vinted,400,25,vente,vendre,2,Copywriting
hashtags vinted 2025,350,30,vente,vendre,2,Meta SEO
mots cles vinted,400,30,vente,vendre,2,SEO Vinted
vinted seo,300,35,vente,vendre,2,SEO meta
prix vinted strategie,400,30,vente,vendre,2,Pricing
fixer prix vinted,350,25,vente,vendre,2,Pricing
negociation vinted,300,30,vente,vendre,3,Négociation
vinted shipping france,400,40,logistique,vendre,3,Shipping
envoi colis vinted,500,35,logistique,vendre,2,Logistique
mondial relay vinted,450,30,logistique,vendre,2,Partenaire
colissimo vinted,400,30,logistique,vendre,2,Partenaire
paiement vinted,350,40,paiement,vendre,3,Paiement
vinted paypal,400,35,paiement,vendre,3,Paiement
retirer argent vinted,500,30,paiement,vendre,2,Retrait
mannequin realiste ia,400,25,mannequin-ia,mannequin,1,Technique
mannequin virtuel vetement,450,25,mannequin-ia,mannequin,1,Intent produit
creer mannequin virtuel,400,30,mannequin-ia,mannequin,1,Tutorial
mannequin ia gratuit,500,25,mannequin-ia,mannequin,1,Gratuit = fort intent
essayage virtuel ia,400,30,mannequin-ia,mannequin,2,Feature
vetement sur mannequin ia,350,25,mannequin-ia,mannequin,2,Use case
photo mannequin ia,400,25,mannequin-ia,mannequin,2,Cross photo/mannequin
avatar vinted,300,30,mannequin-ia,mannequin,2,4 impressions GSC
uwear ai alternative,300,30,mannequin-ia,mannequin,2,Concurrent recherche
vintdress alternative,250,25,mannequin-ia,mannequin,2,Self-reference
dresskare alternative,250,25,mannequin-ia,mannequin,2,Concurrent
photo professionnelle vinted,450,30,photo-technique,photo,1,Pro intent
studio photo vinted,350,30,photo-technique,photo,2,Setup
eclairage photo vinted,300,25,photo-technique,photo,2,Technique
fond blanc photo vinted,350,20,photo-technique,photo,2,Technique
retouche photo vinted,400,30,photo-technique,photo,2,Post-prod
ameliorer photo vinted,450,25,photo-technique,photo,1,Amélioration
detourage photo vinted,300,25,photo-technique,photo,2,Technique
ia detourage vetement,350,30,photo-ia,photo,2,Feature IA
supprimer fond photo ia,400,30,photo-ia,photo,2,Feature IA
mode seconde main 2026,500,40,tendances,vendre,2,Tendance
vinted 2026 tendances,450,35,tendances,vendre,2,Tendance
friperie en ligne,600,45,tendances,vendre,2,Concurrent indirect
vendre vetements occasion,550,40,tendances,vendre,2,Générique
revendre vetements,500,40,tendances,vendre,2,Intent vente
fast fashion vs seconde main,400,35,tendances,vendre,3,Comparatif
shein vs vinted,350,30,tendances,vendre,3,Comparatif
vinted pro,500,35,vente,vendre,1,Pro seller
vinted pro astuces,450,30,vente,vendre,2,Pro tips
devenir vendeur pro vinted,400,30,vente,vendre,2,Career intent
vinted business,350,35,vente,vendre,2,Business angle
vivre de vinted,400,30,vente,vendre,2,Income intent
gagner argent vinted,550,35,vente,vendre,1,Money intent
revenus vinted,400,30,vente,vendre,2,Income
vinted rentable,350,30,vente,vendre,2,ROI question
reprise vetement contre argent,3800,24,vente,vendre,1,Haloscan - très fort volume
belle photo vinted,260,20,photo-technique,photo,1,Haloscan KGR 0.015
comment vendre plus vite sur vinted,110,27,vente,vendre,1,Haloscan - question intent
comment vendre rapidement sur vinted,140,71,vente,vendre,2,Haloscan - question
que peut on vendre sur vinted,400,5,vente,vendre,1,Haloscan KGR 0.005
qu est ce qui se vend le plus sur vinted,480,4,vente,vendre,1,Haloscan - question populaire
vendre sur vinted avis,170,53,vente,vendre,2,Haloscan - avis intent
vendre ses vetements friperie,390,21,vente,vendre,2,Haloscan - alternative
comment fonctionne vinted pour vendre,110,9,vente,vendre,1,Haloscan - tutorial
faire un lot sur vinted,590,10,vente,vendre,2,Haloscan - feature
acheter en lot sur vinted,210,10,vente,vendre,2,Haloscan - feature
comment acheter lot vinted,390,23,vente,vendre,2,Haloscan - question
envoi personnalise vinted,200,20,logistique,vendre,2,Haloscan - shipping
tarif mondial relay vinted,110,27,logistique,vendre,2,Haloscan - pricing
tarif envoi vinted,110,36,logistique,vendre,2,Haloscan - pricing
compte pro vinted,500,14,vente,vendre,1,Haloscan - pro seller
parrain vinted,590,15,vente,vendre,2,Haloscan - referral
vinted impots,700,54,vente,vendre,1,Haloscan - fiscalité
ventes vinted imposable,200,20,vente,vendre,2,Haloscan - fiscalité
concurrent vinted,300,14,tendances,vendre,2,Haloscan - comparatif concurrent
application comme vinted,320,23,tendances,vendre,2,Haloscan - alternatives
que vendre sur vinted,320,13,vente,vendre,1,Haloscan - question intent KGR 0.125
comment vendre sur vinted,3100,20,vente,vendre,1,Haloscan - FORT VOLUME KGR 0.20
comment fonctionne vinted,1400,19,vente,vendre,1,Haloscan - tutorial KGR 0.19
ou deposer colis vinted,590,2,logistique,vendre,1,Haloscan - KGR 0.015
comment envoyer colis sur vinted,260,2,logistique,vendre,2,Haloscan - KGR 0.023
combien rapporte une friperie,110,5,vente,vendre,2,Haloscan - business KGR 0.05
prix balle de friperie france,170,1,vente,vendre,1,Haloscan - sourcing KGR 0.006
ia photo,16600,3,photo-ia,photo,2,Haloscan - générique mais fort volume
ia creation image,500,11,photo-ia,photo,2,Haloscan - KGR 0.11
vinted pro inconvenients,1000,1,vente,vendre,1,Haloscan - TOP KGR 0.001
arnaque vinted acheteuse,720,4,vente,vendre,1,Haloscan - sécurité KGR 0.004
contrefacon vinted,600,15,vente,vendre,2,Haloscan - authenticité
mode vacances vinted,590,14,vente,vendre,2,Haloscan - feature KGR 0.014
vinted payer plusieurs fois,590,12,paiement,vendre,2,Haloscan - paiement
vendre ses creations sur vinted,170,6,vente,vendre,1,Haloscan - niche créateurs KGR 0.006
creer avatar a partir photo,1000,4,mannequin-ia,mannequin,1,Haloscan - TOP KGR 0.004
creer avatar realiste gratuit,500,4,mannequin-ia,mannequin,1,Haloscan - TOP KGR 0.004
creer avatar realiste en ligne,260,8,mannequin-ia,mannequin,2,Haloscan - KGR 0.008
canva montage video,600,5,video,video,1,Haloscan - TOP KGR 0.005
video personnalisable gratuite,480,4,video,video,1,Haloscan - TOP KGR 0.004
editeur video en ligne,500,10,video,video,2,Haloscan - KGR 0.01
image vinted,170,25,photo-technique,photo,1,Concurrent pos 5 - volume ok
photo pour vinted,40,20,photo-technique,photo,2,Concurrent pos 7
idee photo vinted,30,15,photo-technique,photo,2,Concurrent pos 8 - intent creatif
photo insolite vinted,140,20,photo-technique,photo,2,Concurrent pos 18 - buzz content
photo vetement sans mannequin,40,25,photo-technique,photo,2,Concurrent pos 11 - technique
comment faire belle photo vendre vetements,10,20,photo-technique,photo,2,Concurrent pos 8 - tutorial long
application retouche photo vetement,10,15,photo-ia,photo,2,Concurrent pos 6 - outil
mon modele virtuel,30,10,mannequin-ia,mannequin,1,Concurrent POS 2! - opportunite
vinted favori mais n achete pas,320,25,vente,vendre,1,Concurrent pos 9 - problem intent fort volume
vinted pourquoi 5 offres par jour,90,20,vente,vendre,2,Concurrent pos 6 - question frequente
vinted booster gratuit,170,30,vente,vendre,1,Concurrent pos 23 - growth hack
assurance vinted,70,25,logistique,vendre,2,Concurrent pos 20 - securite
assurance vendeur vinted,30,20,logistique,vendre,2,Concurrent pos 11
prix minimum vinted,50,15,vente,vendre,2,Concurrent pos 20 - pricing
baisser le prix sur vinted,50,20,vente,vendre,2,Concurrent pos 19 - negociation
comment faire offre sur vinted,10,15,vente,vendre,2,Concurrent pos 12 KGR 0.5
vintie,700,20,outils-vinted,photo,1,Concurrent pos 10 - 700 vol! terme populaire
vinted tool,20,15,outils-vinted,photo,3,Concurrent pos 18 - recherche outil
