keyword,priority,cluster
comment photographier vetement vinted,10,photo
meilleur eclairage photo vetement,10,photo
fond blanc photo vinted,10,photo
retouche photo annonce vinted,8,photo
application retouche photo vinted,8,photo
smartphone photo vetement qualite,9,photo
angle photo vetement plat,8,photo
photo mannequin invisible technique,10,photo
lumiere naturelle photo vetement,9,photo
reflet miroir photo eviter,7,photo
photo detail vetement zoom,8,photo
cadrage photo annonce parfait,8,photo
photo vetement cintre astuce,7,photo
fond neutre photo annonce,8,photo
resolution photo vinted ideale,7,photo
photo defaut vetement montrer,6,photo
contraste photo vetement ameliorer,7,photo
photo lot vetement presenter,7,photo
style photo flat lay vetement,9,photo
photo accessoire mode bijoux,7,photo
eclairage led photo vetement,8,photo
boite lumiere photo produit,8,photo
trepied smartphone photo stable,7,photo
mode portrait photo vetement,6,photo
photo exterieur vetement naturel,6,photo
filtre photo vetement eviter,6,photo
balance blancs photo tissu,7,photo
ombre photo vetement eliminer,7,photo
arriere plan photo professionnel,8,photo
photo chaussure angle ideal,7,photo
video presentation vetement vinted,10,video
montage video annonce facile,9,video
application video vetement gratuit,9,video
duree video annonce ideale,8,video
musique video vinted droits,7,video
scenario video vetement vente,8,video
video 360 vetement creer,8,video
transition video annonce fluide,7,video
video detail tissu qualite,8,video
eclairage video vetement maison,8,video
stabilisation video smartphone,7,video
format video reseaux sociaux,8,video
video avant apres vetement,7,video
storytelling video mode seconde main,8,video
video unboxing vetement vintage,7,video
tutoriel video vinted debutant,9,video
video comparaison taille vetement,7,video
voice over video annonce,6,video
sous titres video vinted,6,video
video tendance mode recyclage,7,video
mannequin virtuel vetement essayer,10,mannequin
application mannequin virtuel gratuit,10,mannequin
mannequin fantome photo technique,9,mannequin
buste mannequin photo vetement,8,mannequin
mannequin gonflable photo mode,7,mannequin
intelligence artificielle mannequin photo,9,mannequin
mannequin 3d vetement presentation,8,mannequin
morphologie mannequin virtuel adapter,8,mannequin
mannequin homme femme neutre,7,mannequin
avatar essayage vetement ligne,8,mannequin
simulation porter vetement photo,8,mannequin
mannequin realiste photo produit,7,mannequin
mannequin taille plus inclusif,7,mannequin
technologie essayage virtuel mode,8,mannequin
mannequin photo commerce ligne,7,mannequin
prix vetement vinted fixer,10,vendre
negociation vinted conseils vendeur,9,vendre
description annonce vinted optimiser,10,vendre
titre annonce vinted accrocheur,9,vendre
hashtag vinted visibilite augmenter,8,vendre
moment publier annonce vinted,8,vendre
boost annonce vinted gratuit,9,vendre
statistiques vinted analyser ventes,7,vendre
concurrence vinted analyser prix,8,vendre
relancer annonce vinted efficace,8,vendre
bundle vinted creer lot,8,vendre
offre groupee vinted avantages,7,vendre
frais vinted calculer marge,8,vendre
commission vinted comprendre,7,vendre
paiement vinted securise,7,vendre
avis vendeur vinted importance,7,vendre
badge vendeur vinted obtenir,7,vendre
profil vendeur vinted optimiser,8,vendre
repondre acheteur vinted rapidement,7,vendre
litige vinted gerer eviter,7,vendre
remboursement vinted procedure,6,vendre
vinted pro compte professionnel,7,vendre
fiscalite vente vinted declarer,8,vendre
revenus vinted impots seuil,7,vendre
vinted leboncoin comparaison,8,vendre
vinted vestiaire collective difference,8,vendre
vinted depop difference plateforme,7,vendre
alternative vinted france europe,7,vendre
marketplace mode seconde main,8,vendre
vide dressing organiser maison,9,dressing
tri vetement methode efficace,9,dressing
desencombrer garde robe etapes,9,dressing
capsule wardrobe creer minimaliste,8,dressing
vetement garder jeter criteres,8,dressing
rotation garde robe saisonniere,7,dressing
rangement vetement optimiser espace,8,dressing
inventaire garde robe application,7,dressing
style personnel definir vetement,7,dressing
vetement basique essentiel liste,8,dressing
qualite quantite vetement choisir,7,dressing
vetement investissement pieces cles,7,dressing
tendance mode durable consciente,8,dressing
fast fashion alternative ethique,8,dressing
seconde main avantages environnement,9,dressing
economie circulaire mode textile,8,dressing
upcycling vetement transformer idees,7,dressing
customisation vetement personnaliser,7,dressing
reparation vetement prolonger vie,7,dressing
entretien vetement conseils lavage,7,dressing
preparer vetement vente nettoyage,9,vendre
defroisseur vapeur vetement rapide,8,vendre
eliminer odeur vetement vintage,8,vendre
tache vetement enlever astuce,7,vendre
repassage vetement presentation soignee,7,vendre
pliage vetement professionnel,7,vendre
cintre vetement choisir type,6,vendre
housse vetement protection stockage,6,vendre
etiquette vetement information taille,7,vendre
mesurer vetement correctement guide,8,vendre
taille vetement correspondance internationale,7,vendre
guide taille femme homme enfant,8,vendre
vetement grande taille vendre,7,vendre
vetement enfant bebe revendre,8,vendre
vetement maternite grossesse vendre,7,vendre
vetement sport occasion marche,7,vendre
vetement luxe authenticite verifier,8,vendre
contrefacon vetement reconnaitre,7,vendre
marque vetement populaire vinted,8,vendre
vetement vintage annees mode,8,dressing
emballage colis vetement soigne,8,vendre
expedition vetement economique,8,vendre
mondial relay vinted point,7,vendre
colissimo vinted tarif poids,7,vendre
chronopost vetement express,6,vendre
protection colis vetement fragile,7,vendre
suivi colis vinted probleme,6,vendre
colis perdu vinted reclamation,6,vendre
delai expedition vinted respecter,7,vendre
etiquette expedition vinted imprimer,7,vendre
acheteur vinted profil analyser,7,vendre
psychologie acheteur mode seconde main,7,vendre
saisonalite vente vetement calendrier,8,vendre
vendre vetement hiver ete,8,vendre
soldes vinted strategie prix,7,vendre
black friday vinted preparer,7,vendre
noel vinted ventes cadeaux,7,vendre
rentree scolaire vetement enfant,7,vendre
mariage robe occasion vendre,7,vendre
soiree robe cocktail revendre,7,vendre
jean femme homme vendre,8,vendre
manteau hiver vendre prix,8,vendre
pull laine cachemire occasion,7,vendre
chemise homme qualite revendre,7,vendre
robe ete legere vendre,7,vendre
maillot bain occasion hygiene,6,vendre
lingerie occasion vinted regles,6,vendre
chaussure occasion vendre etat,8,vendre
sneakers collection revendre prix,8,vendre
sac main luxe authentifier,8,vendre
accessoire mode ceinture echarpe,7,vendre
bijoux fantaisie occasion vendre,6,vendre
montre occasion verifier authenticite,7,vendre
lunettes soleil marque revendre,6,vendre
fond photo studio maison,9,photo
drap blanc fond photo,8,photo
papier fond photo economique,7,photo
fond photo pliable portable,7,photo
fond photo texture bois,6,photo
fond uni couleur photo,7,photo
fond degrade photo moderne,6,photo
kit photo produit complet,8,photo
materiel photo vetement liste,8,photo
budget photo annonce reduit,7,photo
diy studio photo maison,8,photo
coin photo permanent installer,7,photo
optimiser espace photo petit,7,photo
photo telephone vs appareil,7,photo
reglage appareil photo vetement,7,photo
iso ouverture vitesse photo,6,photo
mode automatique photo limites,6,photo
raw jpeg photo difference,5,photo
compression photo qualite web,6,photo
dimension photo vinted optimale,7,photo
recadrer photo centrer sujet,7,photo
watermark photo annonce eviter,6,photo
lot photo multiple angle,7,photo
photo coherente style marque,7,photo
identite visuelle vendeur creer,7,vendre
branding personnel mode seconde main,7,vendre
reseau social vendeur vinted,8,vendre
instagram vinted promotion croisee,7,vendre
tiktok mode seconde main viral,8,video
pinterest inspiration mode vintage,6,dressing
blog mode seconde main creer,6,vendre
communaute vendeur vinted rejoindre,6,vendre
groupe facebook vide dressing,6,dressing
evenement vide dressing local,7,dressing
brocante vetement participer,6,dressing
marche vintage vetement trouver,7,dressing
friperie vetement qualite reperer,8,dressing
depot vente vetement fonctionnement,7,vendre
consigne vetement avantages inconvenients,7,vendre
application vide dressing telephone,8,vendre
organisation vente vetement planning,7,vendre
objectif vente vetement fixer,7,vendre
motivation vendre vetement astuce,6,vendre
routine vendeur vinted efficace,7,vendre
automatiser vente vetement outils,7,vendre
template description vinted copier,8,vendre
mots cles annonce vinted seo,9,vendre
algorithme vinted comprendre visibilite,8,vendre
recherche vinted optimiser annonce,8,vendre
categorie vinted choisir correctement,7,vendre
etat vetement vinted decrire,8,vendre
photo obligatoire vinted nombre,7,photo
verification identite vinted securite,6,vendre
arnaque vinted eviter reconnaitre,8,vendre
phishing vinted message suspect,6,vendre
protection acheteur vendeur vinted,7,vendre
assurance colis vinted valeur,6,vendre
